販売グループ,SNAP対象外,SNAP対象日
bottom（あまり売れない商品）,333.3250194855807,387.0825396825397
middle（平均的な商品）,1103.4946739412835,1292.1502645502646
top（よく売れる商品）,5997.724084177708,7037.37037037037
