sales_group,observation_count,mean_sales,total_sales,zero_sales_rate,snap_status
bottom,384900,0.08344245258508703,32117,0.9414835022083659,no_snap
bottom,189000,0.09506878306878307,17968,0.9353862433862434,snap
middle,384900,0.7274201091192517,279984,0.6493296960249415,no_snap
middle,189000,0.8738253968253968,165153,0.6143544973544973,snap
top,384900,16.57333073525591,6379075,0.17009872694206288,no_snap
top,189000,18.518693121693122,3500033,0.1633915343915344,snap
