sales_group,observation_count,mean_sales,total_sales,zero_sales_rate,event_status
bottom,527700,0.08758385446276293,46218,0.9392173583475459,no_event
bottom,46200,0.08370129870129871,3867,0.9424242424242424,event
middle,527700,0.7793083191207125,411241,0.6363407238961531,no_event
middle,46200,0.7336796536796537,33896,0.6546103896103896,event
top,527700,17.23685806329354,9095890,0.16514686374834187,no_event
top,46200,16.952770562770564,783218,0.19922077922077921,event
