group,model,mae,rmse,test_sales_mean,mae_ratio,rmse_ratio
bottom,rolling_mean_7,0.42650216450216455,0.7609542230796529,0.3398181818181818,1.2550893016382585,2.239298141753928
bottom,rolling_mean_28,0.43154329004329,0.7483194426512285,0.3398181818181818,1.2699240744987133,2.2021171399581365
bottom,naive_lag_7,0.4767272727272727,1.0160529692706166,0.3398181818181818,1.4028892455858748,2.989990011229744
middle,rolling_mean_28,1.0006277056277058,1.4617826774749176,1.1484242424242423,0.8713049312817113,1.272859474290788
middle,rolling_mean_7,1.0149783549783549,1.49376606063616,1.1484242424242423,0.883800879051288,1.3007092722833207
middle,naive_lag_7,1.2167878787878788,1.9316345723796002,1.1484242424242423,1.0595282072932608,1.6819869356833292
top,rolling_mean_7,5.956969696969698,9.916854963575085,16.138666666666666,0.36911163852670803,0.6144779595738032
top,rolling_mean_28,6.393428571428571,10.3012409039896,16.138666666666666,0.3961559342838259,0.6382956607726537
top,naive_lag_7,7.007939393939394,11.746785504850665,16.138666666666666,0.4342328606621403,0.7278659227229015
