sales_group,dept_id,sales_mean,sales_median,sales_count
bottom,FOODS_1,0.0961578672242551,0.0,38260
bottom,FOODS_2,0.07707266074228959,0.0,191300
bottom,FOODS_3,0.08319393622582331,0.0,344340
middle,FOODS_1,0.770935703084161,0.0,57390
middle,FOODS_2,0.7852260846837428,0.0,153040
middle,FOODS_3,0.786106143560679,0.0,363470
top,FOODS_1,12.263146889702039,9.0,19130
top,FOODS_2,13.440616832200732,9.0,19130
top,FOODS_3,17.542806735867373,11.0,535640
