sales_group,dept_id,mean,sum
bottom,FOODS_1,0.10444328280188186,1998
bottom,FOODS_2,0.08662658999825754,19886
bottom,FOODS_3,0.08671627563728053,28201
middle,FOODS_1,0.7377626764244642,70567
middle,FOODS_2,0.779733805138928,193912
middle,FOODS_3,0.7869750827670325,180658
top,FOODS_1,12.263146889702039,234594
top,FOODS_2,13.440616832200732,257119
top,FOODS_3,17.52556754536629,9387395
