sales_group,has_event,mean,sum
bottom,False,0.08758385446276293,46218
bottom,True,0.08370129870129871,3867
middle,False,0.7793083191207125,411241
middle,True,0.7336796536796537,33896
top,False,17.23685806329354,9095890
top,True,16.952770562770564,783218
