sales_group,has_event,sales_mean,sales_median,sales_count
bottom,0,0.0823308698123934,0.0,527700
bottom,1,0.07844155844155844,0.0,46200
middle,0,0.7876539700587455,0.0,527700
middle,1,0.7466666666666667,0.0,46200
top,0,17.252294864506347,11.0,527700
top,1,16.976320346320346,10.0,46200
