group,model,mae,rmse,test_sales_mean,mae_ratio,rmse_ratio
top,XGBoost_poisson,5.309272766113281,8.494276924995772,16.138666666666666,0.32897840173372117,0.5263307744338094
middle,XGBoost_poisson,0.9635289907455444,1.402135466937936,1.1484242424242423,0.8390009154731903,1.2209211675801332
bottom,XGBoost_poisson,0.43082717061042786,0.7361193697444111,0.3398181818181818,1.267816713941869,2.1662153737797007
