sales_group,snap,sales_mean,sales_median,sales_count
bottom,0,0.07861262665627436,0.0,384900
bottom,1,0.08895238095238095,0.0,189000
middle,0,0.7376851130163679,0.0,384900
middle,1,0.8793968253968254,0.0,189000
top,0,16.625944401143155,11.0,384900
top,1,18.460402116402115,12.0,189000
