sales_group,is_snap_day,mean,sum
bottom,0,0.08344245258508703,32117
bottom,1,0.09506878306878307,17968
middle,0,0.7274201091192517,279984
middle,1,0.8738253968253968,165153
top,0,16.57333073525591,6379075
top,1,18.518693121693122,3500033
